--MEDICO
INSERT INTO MEDICO (IDMEDICO, NOMBRE, APELLIDOS, EMAIL) VALUES ('1', 'JOSE', 'GUTIERREZ PRADOS', 'jpjose@gmail.com');
INSERT INTO MEDICO (IDMEDICO, NOMBRE, APELLIDOS, EMAIL) VALUES ('2', 'ANDRES', 'ORTIZ GARRIDO', 'aortiz@gmail.com');
INSERT INTO MEDICO (IDMEDICO, NOMBRE, APELLIDOS, EMAIL) VALUES ('3', 'MARIA', 'ARDURA MENENDEZ', 'mariaam@gmail.com');
INSERT INTO MEDICO (IDMEDICO, NOMBRE, APELLIDOS, EMAIL) VALUES ('4', 'CRISTINA', 'GABRIEL ENJUNTO', 'enjuntoc@gmail.com');
INSERT INTO MEDICO (IDMEDICO, NOMBRE, APELLIDOS, EMAIL) VALUES ('5', 'CHRISTIAN', 'DOMINGUEZ ALVAREZ', 'chris@gmail.com');


--VACACIONES_MEDICO
INSERT INTO VACACIONES_MEDICO (IDVACACIONES_MEDICO, IDMEDICO, DIA_INICIO, DIA_FIN) VALUES ('50', '1', '2020-3-3', '2020-4-2');
INSERT INTO VACACIONES_MEDICO (IDVACACIONES_MEDICO, IDMEDICO, DIA_INICIO, DIA_FIN) VALUES ('51', '2', '2020-5-8', '2020-6-10');
INSERT INTO VACACIONES_MEDICO (IDVACACIONES_MEDICO, IDMEDICO, DIA_INICIO, DIA_FIN) VALUES ('52', '3', '2020-11-22', '2021-1-21');
INSERT INTO VACACIONES_MEDICO (IDVACACIONES_MEDICO, IDMEDICO, DIA_INICIO, DIA_FIN) VALUES ('53', '4', '2020-8-9', '2021-9-13');
INSERT INTO VACACIONES_MEDICO (IDVACACIONES_MEDICO, IDMEDICO, DIA_INICIO, DIA_FIN) VALUES ('54', '5', '2020-7-14', '2021-12-15');

--JORNADA_MEDICO
INSERT INTO JORNADA_MEDICO (IDJORNADA_MEDICO, IDMEDICO, DIAS, DIA_INICIO, DIA_FIN, HORA_INICIO, HORA_FIN) VALUES ('30', '1', 'lunes, martes, miercoles, jueves, viernes','2020-05-01', '2020-11-22', '10:00', '16:00');
INSERT INTO JORNADA_MEDICO (IDJORNADA_MEDICO, IDMEDICO, DIAS, DIA_INICIO, DIA_FIN, HORA_INICIO, HORA_FIN) VALUES ('31', '2', 'lunes, martes, miercoles, jueves, viernes','2020-01-01', '2020-06-28', '22:00', '6:00');
INSERT INTO JORNADA_MEDICO (IDJORNADA_MEDICO, IDMEDICO, DIAS, DIA_INICIO, DIA_FIN, HORA_INICIO, HORA_FIN) VALUES ('32', '3', 'lunes, martes, miercoles, jueves, viernes','2020-03-04', '2020-09-22', '14:00', '18:00');
INSERT INTO JORNADA_MEDICO (IDJORNADA_MEDICO, IDMEDICO, DIAS, DIA_INICIO, DIA_FIN, HORA_INICIO, HORA_FIN) VALUES ('33', '4', 'lunes, martes, miercoles, jueves, viernes','2020-01-01', '2020-02-01', '19:00', '23:00');
INSERT INTO JORNADA_MEDICO (IDJORNADA_MEDICO, IDMEDICO, DIAS, DIA_INICIO, DIA_FIN, HORA_INICIO, HORA_FIN) VALUES ('34', '5', 'lunes, martes, miercoles, jueves, viernes','2020-07-29', '2020-10-27', '8:00', '16:00');

--ENFERMERO
INSERT INTO ENFERMERO (IDENFERMERO, NOMBRE, APELLIDOS) VALUES ('20', 'JAVIER', 'GARCIA LOPEZ');
INSERT INTO ENFERMERO (IDENFERMERO, NOMBRE, APELLIDOS) VALUES ('21', 'PABLO', 'MENENDEZ GONZALEZ');
INSERT INTO ENFERMERO (IDENFERMERO, NOMBRE, APELLIDOS) VALUES ('22', 'PAULA', 'MARTINEZ MARTINEZ');
INSERT INTO ENFERMERO (IDENFERMERO, NOMBRE, APELLIDOS) VALUES ('23', 'DAVID', 'ARES ALVAREZ');
INSERT INTO ENFERMERO (IDENFERMERO, NOMBRE, APELLIDOS) VALUES ('24', 'JORGE', 'RODRIGUEZ MUÑIZ');

--VACACIONES_ENFERMERO
INSERT INTO VACACIONES_ENFERMERO (IDVACACIONES_ENFERMERO, IDENFERMERO, DIA_INICIO, DIA_FIN) VALUES ('60', '20', '2020-8-1', '2020-8-25');
INSERT INTO VACACIONES_ENFERMERO (IDVACACIONES_ENFERMERO, IDENFERMERO, DIA_INICIO, DIA_FIN) VALUES ('61', '21', '2020-11-4', '2020-8-29');
INSERT INTO VACACIONES_ENFERMERO (IDVACACIONES_ENFERMERO, IDENFERMERO, DIA_INICIO, DIA_FIN) VALUES ('62', '22', '2020-4-28', '2020-5-24');
INSERT INTO VACACIONES_ENFERMERO (IDVACACIONES_ENFERMERO, IDENFERMERO, DIA_INICIO, DIA_FIN) VALUES ('63', '23', '2020-2-4', '2020-4-13');
INSERT INTO VACACIONES_ENFERMERO (IDVACACIONES_ENFERMERO, IDENFERMERO, DIA_INICIO, DIA_FIN) VALUES ('64', '24', '2020-1-7', '2020-3-8');

--JORNADA_ENFERMERO
INSERT INTO JORNADA_ENFERMERO (IDJORNADA_ENFERMERO, IDENFERMERO, DIAS, DIA_INICIO, DIA_FIN, HORA_INICIO, HORA_FIN) VALUES ('40', '20', 'lunes, martes, miercoles, jueves, viernes','2020-01-01', '2020-06-29', '9:00', '20:00');
INSERT INTO JORNADA_ENFERMERO (IDJORNADA_ENFERMERO, IDENFERMERO, DIAS, DIA_INICIO, DIA_FIN, HORA_INICIO, HORA_FIN) VALUES ('41', '21', 'lunes, martes, miercoles, jueves, viernes','2020-04-20', '2020-08-20', '7:30', '4:30');
INSERT INTO JORNADA_ENFERMERO (IDJORNADA_ENFERMERO, IDENFERMERO, DIAS, DIA_INICIO, DIA_FIN, HORA_INICIO, HORA_FIN) VALUES ('42', '22', 'lunes, martes, miercoles, jueves, viernes','2020-02-10', '2020-04-28', '9:00', '20:00');
INSERT INTO JORNADA_ENFERMERO (IDJORNADA_ENFERMERO, IDENFERMERO, DIAS, DIA_INICIO, DIA_FIN, HORA_INICIO, HORA_FIN) VALUES ('43', '23', 'lunes, martes, miercoles, jueves, viernes','2020-06-29', '2020-09-18', '11:00', '17:00');
INSERT INTO JORNADA_ENFERMERO (IDJORNADA_ENFERMERO, IDENFERMERO, DIAS, DIA_INICIO, DIA_FIN, HORA_INICIO, HORA_FIN) VALUES ('44', '24', 'lunes, martes, miercoles, jueves, viernes','2020-07-14', '2020-09-23', '12:00', '18:00');

--PACIENTE
INSERT INTO PACIENTE (ID_PACIENTE ,DNI, NOMBRE, APELLIDOS, EMAIL, TELEFONO) VALUES ('200','78542660Y','ROBERTO', 'ALVAREZ DE LA FUENTE', 'roberdlf@gmail.com', '685412798');
INSERT INTO PACIENTE (ID_PACIENTE ,DNI, NOMBRE, APELLIDOS, EMAIL, TELEFONO) VALUES ('201','74512879B','LAURA', 'GONZALEZ VALDES', 'lauragv@gmail.com', '715846920');
INSERT INTO PACIENTE (ID_PACIENTE ,DNI, NOMBRE, APELLIDOS, EMAIL, TELEFONO) VALUES ('202','72210535X','MARIO', 'MARTINEZ ALONSO', 'marioalo@gmail.com', '688552317');
INSERT INTO PACIENTE (ID_PACIENTE ,DNI, NOMBRE, APELLIDOS, EMAIL, TELEFONO) VALUES ('203','65874148P','LUCAS', 'SEIZ ORTEGA', 'ortegal@gmail.com', '699447712');
INSERT INTO PACIENTE (ID_PACIENTE ,DNI, NOMBRE, APELLIDOS, EMAIL, TELEFONO) VALUES ('204','71988426B','FRANCISCO', 'MATAMOROS DIAZ', 'franmd@gmail.com', '658471524');

--PRESCRIPCION
INSERT INTO PRESCRIPCION (IDPRESCRIPCION, ID_PACIENTE, INSTRUCCION, HORA_ASIGNACION, DIA_ASIGNACION) VALUES ('110', '200', 'Pastillas calmantes para el dolor', '12:45', '2020-3-5');
INSERT INTO PRESCRIPCION (IDPRESCRIPCION, ID_PACIENTE, INSTRUCCION, HORA_ASIGNACION, DIA_ASIGNACION) VALUES ('111', '201', 'Paracetamol', '10:55', '2020-8-12');
INSERT INTO PRESCRIPCION (IDPRESCRIPCION, ID_PACIENTE, INSTRUCCION, HORA_ASIGNACION, DIA_ASIGNACION) VALUES ('112', '202', 'Ibuprofeno', '16:20', '2020-2-15');
INSERT INTO PRESCRIPCION (IDPRESCRIPCION, ID_PACIENTE, INSTRUCCION, HORA_ASIGNACION, DIA_ASIGNACION) VALUES ('113', '203', 'Etambutol', '11:15', '2020-4-23');
INSERT INTO PRESCRIPCION (IDPRESCRIPCION, ID_PACIENTE, INSTRUCCION, HORA_ASIGNACION, DIA_ASIGNACION) VALUES ('114', '204', 'Analgésicos', '8:45', '2020-9-22');

--MEDICAMENTO
INSERT INTO MEDICAMENTO (IDMEDICAMENTO, IDPRESCRIPCION, CANTIDAD, INTERVALO, DURACION) VALUES ('120', '110', '1', 'Cada 8 horas', '10 dias');
INSERT INTO MEDICAMENTO (IDMEDICAMENTO, IDPRESCRIPCION, CANTIDAD, INTERVALO, DURACION) VALUES ('121', '111', '1', 'Cada 12 horas', '30 dias');
INSERT INTO MEDICAMENTO (IDMEDICAMENTO, IDPRESCRIPCION, CANTIDAD, INTERVALO, DURACION) VALUES ('122', '112', '1', 'Cada 8 horas', '5 dias');
INSERT INTO MEDICAMENTO (IDMEDICAMENTO, IDPRESCRIPCION, CANTIDAD, INTERVALO, DURACION) VALUES ('123', '113', '1', 'Cada 24 horas', '6 meses');
INSERT INTO MEDICAMENTO (IDMEDICAMENTO, IDPRESCRIPCION, CANTIDAD, INTERVALO, DURACION) VALUES ('124', '114', '1', 'Cada 24 horas', '1 mes');

--CITA
INSERT INTO CITA (IDCITA, ID_PACIENTE, IDMEDICO, FECHA, HORAINICIO, HORAFIN, UBICACION, ASISTENCIA) VALUES ('70','200','1', '2020-3-5', '12:30', '13:00', 'consulta 7', 'true');
INSERT INTO CITA (IDCITA, ID_PACIENTE, IDMEDICO, FECHA, HORAINICIO, HORAFIN, UBICACION, ASISTENCIA) VALUES ('71','201','2', '2020-8-12', '10:45', '12:00', 'consulta 9', 'true');
INSERT INTO CITA (IDCITA, ID_PACIENTE, IDMEDICO, FECHA, HORAINICIO, HORAFIN, UBICACION, ASISTENCIA) VALUES ('72','202','3', '2020-2-15', '16:00', '17:00', 'consulta 8', 'true');
INSERT INTO CITA (IDCITA, ID_PACIENTE, IDMEDICO, FECHA, HORAINICIO, HORAFIN, UBICACION, ASISTENCIA) VALUES ('73','203','4', '2020-4-23', '11:00', '13:00', 'consulta 1', 'true');
INSERT INTO CITA (IDCITA, ID_PACIENTE, IDMEDICO, FECHA, HORAINICIO, HORAFIN, UBICACION, ASISTENCIA) VALUES ('74','204','5', '2020-5-17', '8:30', '10:00', 'consulta 3', 'true');

--HISTORIAL
INSERT INTO HISTORIAL (IDHISTORIAL, ID_PACIENTE) VALUES ('90', '200');
INSERT INTO HISTORIAL (IDHISTORIAL, ID_PACIENTE) VALUES ('91', '201');
INSERT INTO HISTORIAL (IDHISTORIAL, ID_PACIENTE) VALUES ('92', '202');
INSERT INTO HISTORIAL (IDHISTORIAL, ID_PACIENTE) VALUES ('93', '203');
INSERT INTO HISTORIAL (IDHISTORIAL, ID_PACIENTE) VALUES ('94', '204');

--DIAGNOSTICO
INSERT INTO DIAGNOSTICO (IDDIAGNOSTICO, IDCITA, DESCRIPCION) VALUES ('80', '70', 'Fractura de cúbito');
INSERT INTO DIAGNOSTICO (IDDIAGNOSTICO, IDCITA, DESCRIPCION) VALUES ('81', '71', 'Artrosis');
INSERT INTO DIAGNOSTICO (IDDIAGNOSTICO, IDCITA, DESCRIPCION) VALUES ('82', '72', 'Migrañas');
INSERT INTO DIAGNOSTICO (IDDIAGNOSTICO, IDCITA, DESCRIPCION) VALUES ('83', '73', 'Tuberculosis');
INSERT INTO DIAGNOSTICO (IDDIAGNOSTICO, IDCITA, DESCRIPCION) VALUES ('84', '74', 'Neumonia');

--CAUSA
INSERT INTO CAUSA (IDCAUSA, DESCRIPCION) VALUES ('100', 'Dolor intenso el brazo derecho');
INSERT INTO CAUSA (IDCAUSA, DESCRIPCION) VALUES ('101', 'Edad avanzada');
INSERT INTO CAUSA (IDCAUSA, DESCRIPCION) VALUES ('102', 'Dolor de cabeza');
INSERT INTO CAUSA (IDCAUSA, DESCRIPCION) VALUES ('103', 'Tos fuerte');
INSERT INTO CAUSA (IDCAUSA, DESCRIPCION) VALUES ('104', 'Fiebre y dificultad para respirar');

--CAUSA_HISTORIAL
INSERT INTO CAUSA_HISTORIAL (IDCAUSA, IDHISTORIAL) VALUES ('100', '90');
INSERT INTO CAUSA_HISTORIAL (IDCAUSA, IDHISTORIAL) VALUES ('101', '91');
INSERT INTO CAUSA_HISTORIAL (IDCAUSA, IDHISTORIAL) VALUES ('102', '92');
INSERT INTO CAUSA_HISTORIAL (IDCAUSA, IDHISTORIAL) VALUES ('103', '93');
INSERT INTO CAUSA_HISTORIAL (IDCAUSA, IDHISTORIAL) VALUES ('104', '94');

--MEDICOCITA
INSERT INTO MEDICOCITAS (IDCITA, IDMEDICO) VALUES ('70', '1');
INSERT INTO MEDICOCITAS (IDCITA, IDMEDICO) VALUES ('71', '2');
INSERT INTO MEDICOCITAS (IDCITA, IDMEDICO) VALUES ('72', '3');
INSERT INTO MEDICOCITAS (IDCITA, IDMEDICO) VALUES ('73', '4');
INSERT INTO MEDICOCITAS (IDCITA, IDMEDICO) VALUES ('74', '5');






